# ************************************************************
# Sequel Pro SQL dump
# Version 4541
#
# http://www.sequelpro.com/
# https://github.com/sequelpro/sequelpro
#
# Host: 127.0.0.1 (MySQL 5.7.32)
# Database: test
# Generation Time: 2021-10-03 08:55:02 +0000
# ************************************************************


/*!40101 SET @OLD_CHARACTER_SET_CLIENT=@@CHARACTER_SET_CLIENT */;
/*!40101 SET @OLD_CHARACTER_SET_RESULTS=@@CHARACTER_SET_RESULTS */;
/*!40101 SET @OLD_COLLATION_CONNECTION=@@COLLATION_CONNECTION */;
/*!40101 SET NAMES utf8 */;
/*!40014 SET @OLD_FOREIGN_KEY_CHECKS=@@FOREIGN_KEY_CHECKS, FOREIGN_KEY_CHECKS=0 */;
/*!40101 SET @OLD_SQL_MODE=@@SQL_MODE, SQL_MODE='NO_AUTO_VALUE_ON_ZERO' */;
/*!40111 SET @OLD_SQL_NOTES=@@SQL_NOTES, SQL_NOTES=0 */;


# Dump of table gamers
# ------------------------------------------------------------

DROP TABLE IF EXISTS `gamers`;

CREATE TABLE `gamers` (
  `id` bigint(20) unsigned NOT NULL AUTO_INCREMENT,
  `user_id` bigint(10) unsigned NOT NULL,
  `gamer_name` varchar(150) COLLATE utf8mb4_bin DEFAULT NULL,
  `race_id` bigint(20) unsigned NOT NULL,
  PRIMARY KEY (`id`),
  UNIQUE KEY `id` (`id`)
) ENGINE=InnoDB DEFAULT CHARSET=utf8mb4 COLLATE=utf8mb4_bin;

LOCK TABLES `gamers` WRITE;
/*!40000 ALTER TABLE `gamers` DISABLE KEYS */;

INSERT INTO `gamers` (`id`, `user_id`, `gamer_name`, `race_id`)
VALUES
	(1,1,X'4C696E6B',1),
	(2,1,X'5A656C6461',2),
	(3,2,X'4861727279',2),
	(4,2,X'566F6C64656D6F7274',3),
	(5,3,X'436564726963',4),
	(6,4,X'526F6E616C64',4),
	(7,4,X'46726F646F',3),
	(8,5,X'53616D',3),
	(9,5,X'4B696E67',3),
	(10,5,X'517565656E',2),
	(11,6,X'44614D616E',1),
	(12,7,X'536C69636B2066696768746572',2),
	(13,9,X'4461646479',3),
	(14,10,X'4176616461204B656461767261',2),
	(15,11,X'5365766572757320536E617065',4);

/*!40000 ALTER TABLE `gamers` ENABLE KEYS */;
UNLOCK TABLES;


# Dump of table races
# ------------------------------------------------------------

DROP TABLE IF EXISTS `races`;

CREATE TABLE `races` (
  `id` bigint(20) unsigned NOT NULL AUTO_INCREMENT,
  `name` varchar(250) COLLATE utf8mb4_bin DEFAULT NULL,
  PRIMARY KEY (`id`),
  UNIQUE KEY `id` (`id`)
) ENGINE=InnoDB DEFAULT CHARSET=utf8mb4 COLLATE=utf8mb4_bin;

LOCK TABLES `races` WRITE;
/*!40000 ALTER TABLE `races` DISABLE KEYS */;

INSERT INTO `races` (`id`, `name`)
VALUES
	(1,X'48756D616E'),
	(2,X'4477617266'),
	(3,X'456C66'),
	(4,X'4F7263');

/*!40000 ALTER TABLE `races` ENABLE KEYS */;
UNLOCK TABLES;


# Dump of table users
# ------------------------------------------------------------

DROP TABLE IF EXISTS `users`;

CREATE TABLE `users` (
  `id` bigint(20) unsigned NOT NULL AUTO_INCREMENT,
  `username` varchar(255) COLLATE utf8mb4_bin DEFAULT NULL,
  `password` varchar(255) COLLATE utf8mb4_bin DEFAULT NULL,
  `email` text COLLATE utf8mb4_bin,
  `age` int(11) DEFAULT NULL,
  `city` varchar(150) COLLATE utf8mb4_bin DEFAULT NULL,
  PRIMARY KEY (`id`),
  UNIQUE KEY `id` (`id`)
) ENGINE=InnoDB DEFAULT CHARSET=utf8mb4 COLLATE=utf8mb4_bin;

LOCK TABLES `users` WRITE;
/*!40000 ALTER TABLE `users` DISABLE KEYS */;

INSERT INTO `users` (`id`, `username`, `password`, `email`, `age`, `city`)
VALUES
	(1,X'6A616E',X'71777471333466337134',X'6A616E406A69656D65656C2E6B6F6D',23,X'44656E2048616167'),
	(2,X'70696574',X'337266333472337177343134',X'70696574406A69656D65656C2E6B6F6D',20,X'4E6F6F74646F7270'),
	(3,X'6163686D6564',X'723334667133346634',X'6163686D6564406A69656D65656C2E6B6F6D',24,X'52696A7377696A6B'),
	(4,X'62657474696E61',X'71333466343133663466',X'62657474696E61406A69656D65656C2E6B6F6D',35,X'44656E2048616167'),
	(5,X'666174696D61',X'333472337172667133346672',X'666174696D61406A69656D65656C2E6B6F6D',6,X'44656E2048616167'),
	(6,X'646F6C6F726573',X'366A36376A36356A68',X'646F6C6F726573406A69656D65656C2E6B6F6D',15,X'44656E2048616167'),
	(7,X'706564726F',X'6A3568366A35366A35686A',X'706564726F406A69656D65656C2E6B6F6D',17,X'44656E2048616167'),
	(8,X'6A75616E',X'35356A6835686A7279746A686572',X'6A75616E406A69656D65656C2E6B6F6D',44,X'5970656E62757267'),
	(9,X'636F6E6368697461',X'7133346766773334677134',X'636F6E6368697461406A69656D65656C2E6B6F6D',68,X'52696A7377696A6B'),
	(10,X'726F6E',X'35366A6A36353336',X'726F6E406A69656D65656C2E6B6F6D',14,X'44656E2048616167'),
	(11,X'686F77617264',X'686A3335366A356A683536686A3335',X'686F77617264406A69656D65656C2E6B6F6D',73,X'4272656461'),
	(13,X'6361726C697461',X'77346877343568773435',X'6361726C697461406A69656D65656C2E6B6F6D',11,X'52696A7377696A6B'),
	(14,X'6B617479',X'773435686734356768',X'6B617479406A69656D65656C2E6B6F6D',50,X'52696A7377696A6B');

/*!40000 ALTER TABLE `users` ENABLE KEYS */;
UNLOCK TABLES;



/*!40111 SET SQL_NOTES=@OLD_SQL_NOTES */;
/*!40101 SET SQL_MODE=@OLD_SQL_MODE */;
/*!40014 SET FOREIGN_KEY_CHECKS=@OLD_FOREIGN_KEY_CHECKS */;
/*!40101 SET CHARACTER_SET_CLIENT=@OLD_CHARACTER_SET_CLIENT */;
/*!40101 SET CHARACTER_SET_RESULTS=@OLD_CHARACTER_SET_RESULTS */;
/*!40101 SET COLLATION_CONNECTION=@OLD_COLLATION_CONNECTION */;
